108449001	"吉井川／和気町佐伯（佐伯大橋）"	NULL	8449	"岡山県"	"おかやまけん"	NULL	87	"中国地方整備局"	1	"8449001"	134.095327000	34.846263000	87077000	"吉井川"	NULL	87077001	"吉井川"	3301346	"和気郡和気町"	"岡山県和気郡和気町佐伯"	NULL	0	1	4	NULL	NULL	NULL	"https://cam.river.go.jp/cam/normal/108449001.jpg"
108449002	"吉井川／美咲町柵原（昭和橋）"	NULL	8449	"岡山県"	"おかやまけん"	NULL	87	"中国地方整備局"	1	"8449002"	134.061112000	34.953471000	87077000	"吉井川"	NULL	87077001	"吉井川"	3301666	"久米郡美咲町"	"岡山県久米郡美咲町柵原"	NULL	0	1	4	NULL	NULL	NULL	"https://cam.river.go.jp/cam/normal/108449002.jpg"
108449003	"千町川／瀬戸内市邑久町本庄（明見橋）"	NULL	8449	"岡山県"	"おかやまけん"	NULL	87	"中国地方整備局"	1	"8449003"	134.121213000	34.661281000	87077000	"吉井川"	NULL	87077226	"千町川"	3301212	"瀬戸内市"	"岡山県瀬戸内市邑久町本庄"	NULL	0	1	4	NULL	NULL	NULL	"https://cam.river.go.jp/cam/normal/108449003.jpg"
108449004	"干田川／瀬戸内市長船町福里（歩道橋）"	NULL	8449	"岡山県"	"おかやまけん"	NULL	87	"中国地方整備局"	1	"8449004"	134.124718000	34.695947000	87077000	"吉井川"	NULL	87077011	"干田川"	3301212	"瀬戸内市"	"岡山県瀬戸内長船町福里"	NULL	0	1	4	NULL	NULL	NULL	"https://cam.river.go.jp/cam/normal/108449004.jpg"
108449005	"吉野川／美作市福本（王子橋）"	NULL	8449	"岡山県"	"おかやまけん"	NULL	87	"中国地方整備局"	1	"8449005"	134.121897000	34.935801000	87077000	"吉井川"	NULL	87077023	"吉野川"	3301215	"美作市"	"岡山県美作市福本"	NULL	0	1	4	NULL	NULL	NULL	"https://cam.river.go.jp/cam/normal/108449005.jpg"
108449006	"滝川／美作市明見（三星大橋）"	NULL	8449	"岡山県"	"おかやまけん"	NULL	87	"中国地方整備局"	1	"8449006"	134.148643000	35.013245000	87077000	"吉井川"	NULL	87077141	"滝川"	3301215	"美作市"	"岡山県美作市明見"	NULL	0	1	4	NULL	NULL	NULL	"https://cam.river.go.jp/cam/normal/108449006.jpg"
108449007	"加茂川／津山市川崎（兼田橋）"	NULL	8449	"岡山県"	"おかやまけん"	NULL	87	"中国地方整備局"	1	"8449007"	134.036910000	35.059730000	87077000	"吉井川"	NULL	87077029	"加茂川"	3301203	"津山市"	"岡山県津山市川崎"	NULL	0	1	4	NULL	NULL	NULL	"https://cam.river.go.jp/cam/normal/108449007.jpg"
108449008	"旭川／岡山市北区牟佐 "	NULL	8449	"岡山県"	"おかやまけん"	NULL	87	"中国地方整備局"	1	"8449008"	133.961577000	34.741224000	87078000	"旭川"	NULL	87078001	"旭川"	3301201	"岡山市"	"岡山県岡山市北区牟佐"	NULL	0	1	4	NULL	NULL	NULL	"https://cam.river.go.jp/cam/normal/108449008.jpg"
108449009	"旭川／岡山市北区御津宇垣 "	NULL	8449	"岡山県"	"おかやまけん"	NULL	87	"中国地方整備局"	1	"8449009"	133.926165000	34.780820000	87078000	"旭川"	NULL	87078001	"旭川"	3301201	"岡山市"	"岡山県岡山市北区御津宇垣"	NULL	0	1	4	NULL	NULL	NULL	"https://cam.river.go.jp/cam/normal/108449009.jpg"
108449010	"旭川／岡山市北区御津草生（金川大橋）"	NULL	8449	"岡山県"	"おかやまけん"	NULL	87	"中国地方整備局"	1	"8449010"	133.936638000	34.800222000	87078000	"旭川"	NULL	87078001	"旭川"	3301201	"岡山市"	"岡山県岡山市北区建部町草生"	NULL	0	1	4	NULL	NULL	NULL	"https://cam.river.go.jp/cam/normal/108449010.jpg"
108449011	"旭川／岡山市北区建部町福渡（八幡橋）"	NULL	8449	"岡山県"	"おかやまけん"	NULL	87	"中国地方整備局"	1	"8449011"	133.902319000	34.868779000	87078000	"旭川"	NULL	87078001	"旭川"	3301201	"岡山市"	"岡山県岡山市北区建部町福渡"	NULL	0	1	4	NULL	NULL	NULL	"https://cam.river.go.jp/cam/normal/108449011.jpg"
108449012	"旭川／岡山市北区建部町鶴田（旭川ダム）"	NULL	8449	"岡山県"	"おかやまけん"	NULL	87	"中国地方整備局"	1	"8449012"	133.859860000	34.912580000	87078000	"旭川"	NULL	87078001	"旭川"	3301201	"岡山市"	"岡山県岡山市北区建部町鶴田"	NULL	0	1	4	NULL	NULL	NULL	"https://cam.river.go.jp/cam/normal/108449012.jpg"
108449013	"旭川／真庭市向津矢"	NULL	8449	"岡山県"	"おかやまけん"	NULL	87	"中国地方整備局"	1	"8449013"	133.756644000	35.017141000	87078000	"旭川"	NULL	87078001	"旭川"	3301214	"真庭市"	"岡山県真庭市向津矢"	NULL	0	1	4	NULL	NULL	NULL	"https://cam.river.go.jp/cam/normal/108449013.jpg"
108449014	"旭川／真庭市中島（いずみ橋）"	NULL	8449	"岡山県"	"おかやまけん"	NULL	87	"中国地方整備局"	1	"8449014"	133.753080000	35.074071000	87078000	"旭川"	NULL	87078001	"旭川"	3301214	"真庭市"	"岡山県真庭市中島"	NULL	0	1	4	NULL	NULL	NULL	"https://cam.river.go.jp/cam/normal/108449014.jpg"
108449015	"旭川／真庭市湯原温泉（湯原ダム）"	NULL	8449	"岡山県"	"おかやまけん"	NULL	87	"中国地方整備局"	1	"8449015"	133.732838000	35.206301000	87078000	"旭川"	NULL	87078001	"旭川"	3301214	"真庭市"	"岡山県真庭市湯原温泉"	NULL	0	1	4	NULL	NULL	NULL	"https://cam.river.go.jp/cam/normal/108449015.jpg"
108449016	"宇甘川／岡山市北区御津中泉（道路橋）"	NULL	8449	"岡山県"	"おかやまけん"	NULL	87	"中国地方整備局"	1	"8449016"	133.886915000	34.811050000	87078000	"旭川"	NULL	87078017	"宇甘川"	3301201	"岡山市"	"岡山県岡山市北区御津中泉"	NULL	0	1	4	NULL	NULL	NULL	"https://cam.river.go.jp/cam/normal/108449016.jpg"
108449017	"砂川／岡山市東区沼（楢部橋）"	NULL	8449	"岡山県"	"おかやまけん"	NULL	87	"中国地方整備局"	1	"8449017"	134.040816000	34.707925000	87078000	"旭川"	NULL	87078012	"砂川"	3301201	"岡山市"	"岡山県岡山市東区沼"	NULL	0	1	4	NULL	NULL	NULL	"https://cam.river.go.jp/cam/normal/108449017.jpg"
108449018	"砂川／赤磐市下市（下市橋）"	NULL	8449	"岡山県"	"おかやまけん"	NULL	87	"中国地方整備局"	1	"8449018"	134.018306000	34.752506000	87078000	"旭川"	NULL	87078012	"砂川"	3301213	"赤磐市"	"岡山県赤磐市下市"	NULL	0	1	4	NULL	NULL	NULL	"https://cam.river.go.jp/cam/normal/108449018.jpg"
108449019	"吉井川／鏡野町中谷"	NULL	8449	"岡山県"	"おかやまけん"	NULL	87	"中国地方整備局"	1	"8449019"	133.894602000	35.114606000	87077000	"吉井川"	NULL	87077001	"吉井川"	3301606	"苫田郡鏡野町"	"岡山県苫田郡鏡野町中谷"	NULL	0	1	4	NULL	NULL	NULL	"https://cam.river.go.jp/cam/normal/108449019.jpg"
108449020	"高梁川／総社市日羽（日羽水位観測所）"	NULL	8449	"岡山県"	"おかやまけん"	NULL	87	"中国地方整備局"	1	"8449020"	133.681458000	34.714282000	87079000	"高梁川"	NULL	87079001	"高梁川"	3301208	"総社市"	"岡山県総社市日羽"	NULL	0	1	4	NULL	NULL	NULL	"https://cam.river.go.jp/cam/normal/108449020.jpg"
108449021	"高梁川／高梁市段町（落合橋）"	NULL	8449	"岡山県"	"おかやまけん"	NULL	87	"中国地方整備局"	1	"8449021"	133.602009000	34.779942000	87079000	"高梁川"	NULL	87079001	"高梁川"	3301209	"高梁市"	"岡山県高梁市落合町"	NULL	0	1	4	NULL	NULL	NULL	"https://cam.river.go.jp/cam/normal/108449021.jpg"
108449022	"高梁川／新見市井倉（井倉連絡橋）"	NULL	8449	"岡山県"	"おかやまけん"	NULL	87	"中国地方整備局"	1	"8449022"	133.523940000	34.928326000	87079000	"高梁川"	NULL	87079001	"高梁川"	3301210	"新見市"	"岡山県新見市井倉"	NULL	0	1	4	NULL	NULL	NULL	"https://cam.river.go.jp/cam/normal/108449022.jpg"
108449023	"高梁川／新見市唐松（小坂部川合流部）"	NULL	8449	"岡山県"	"おかやまけん"	NULL	87	"中国地方整備局"	1	"8449023"	133.497188000	34.952085000	87079000	"高梁川"	NULL	87079001	"高梁川"	3301210	"新見市"	"岡山県新見市唐松"	NULL	0	1	4	NULL	NULL	NULL	"https://cam.river.go.jp/cam/normal/108449023.jpg"
108449024	"小田川／矢掛町浅海（中央橋）"	NULL	8449	"岡山県"	"おかやまけん"	NULL	87	"中国地方整備局"	1	"8449024"	133.561384000	34.609006000	87191000	"小田川"	NULL	87191001	"小田川"	3301461	"小田郡矢掛町"	"岡山県矢掛町浅海"	NULL	0	1	4	NULL	NULL	NULL	"https://cam.river.go.jp/cam/normal/108449024.jpg"
108449025	"尾坂川／笠岡市甲弩（寺道橋）"	NULL	8449	"岡山県"	"おかやまけん"	NULL	87	"中国地方整備局"	1	"8449025"	133.548899000	34.593790000	87079000	"高梁川"	NULL	87079121	"尾坂川"	3301205	"笠岡市"	"岡山県笠岡市甲弩"	NULL	0	1	4	NULL	NULL	NULL	"https://cam.river.go.jp/cam/normal/108449025.jpg"
108449026	"小田川／井原市芳井町（金比羅橋）"	NULL	8449	"岡山県"	"おかやまけん"	NULL	87	"中国地方整備局"	1	"8449026"	133.433319000	34.632339000	87191000	"小田川"	NULL	87191001	"小田川"	3301207	"井原市"	"岡山県井原市芳井町"	NULL	0	1	4	NULL	NULL	NULL	"https://cam.river.go.jp/cam/normal/108449026.jpg"
108449027	"末政川／倉敷市真備町有井（ごぜ橋）"	NULL	8449	"岡山県"	"おかやまけん"	NULL	87	"中国地方整備局"	1	"8449027"	133.703772000	34.639441000	87079000	"高梁川"	NULL	87079112	"末政川"	3301202	"倉敷市"	"岡山県倉敷市真備町有井"	NULL	0	1	4	NULL	NULL	NULL	"https://cam.river.go.jp/cam/normal/108449027.jpg"
108449028	"高馬川／倉敷市真備町箭田"	NULL	8449	"岡山県"	"おかやまけん"	NULL	87	"中国地方整備局"	1	"8449028"	133.687838000	34.626087000	87079000	"高梁川"	NULL	87079068	"高馬川"	3301202	"倉敷市"	"岡山県倉敷市真備町箭田"	NULL	0	1	4	NULL	NULL	NULL	"https://cam.river.go.jp/cam/normal/108449028.jpg"
108449029	"真谷川／倉敷市玉島服部（服部橋）"	NULL	8449	"岡山県"	"おかやまけん"	NULL	87	"中国地方整備局"	1	"8449029"	133.680606000	34.610098000	87079000	"高梁川"	NULL	87079113	"真谷川"	3301202	"倉敷市"	"岡山県倉敷市玉島服部"	NULL	0	1	4	NULL	NULL	NULL	"https://cam.river.go.jp/cam/normal/108449029.jpg"
108449030	"西川／新見市金谷（河本ダム）"	NULL	8449	"岡山県"	"おかやまけん"	NULL	87	"中国地方整備局"	1	"8449030"	133.458542000	34.960000000	87079000	"高梁川"	NULL	87079029	"西川"	3301210	"新見市"	"岡山県新見市金谷"	NULL	0	1	4	NULL	NULL	NULL	"https://cam.river.go.jp/cam/normal/108449030.jpg"
108449031	"成羽川／高梁市成羽町（総門橋）"	NULL	8449	"岡山県"	"おかやまけん"	NULL	87	"中国地方整備局"	1	"8449031"	133.533539000	34.781157000	87079000	"高梁川"	NULL	87079021	"成羽川"	3301209	"高梁市"	"岡山県高梁市成羽町"	NULL	0	1	4	NULL	NULL	NULL	"https://cam.river.go.jp/cam/normal/108449031.jpg"
108449032	"笹ヶ瀬川／岡山市南区米倉（大樋橋）"	NULL	8449	"岡山県"	"おかやまけん"	NULL	87	"中国地方整備局"	1	"8449032"	133.889529000	34.628343000	87308000	"笹ヶ瀬川"	NULL	87308001	"笹ヶ瀬川"	3301201	"岡山市"	"岡山県岡山市南区当新田"	NULL	0	1	4	NULL	NULL	NULL	"https://cam.river.go.jp/cam/normal/108449032.jpg"
108449033	"笹ヶ瀬川／岡山市北区首部"	NULL	8449	"岡山県"	"おかやまけん"	NULL	87	"中国地方整備局"	1	"8449033"	133.898952000	34.684183000	87308000	"笹ヶ瀬川"	NULL	87308001	"笹ヶ瀬川"	3301201	"岡山市"	"岡山県岡山市北区首部"	NULL	0	1	4	NULL	NULL	NULL	"https://cam.river.go.jp/cam/normal/108449033.jpg"
108449034	"笹ヶ瀬川／岡山市北区花尻みどり町（びくに橋）"	NULL	8449	"岡山県"	"おかやまけん"	NULL	87	"中国地方整備局"	1	"8449034"	133.876291000	34.663928000	87308000	"笹ヶ瀬川"	NULL	87308001	"笹ヶ瀬川"	3301201	"岡山市"	"岡山県岡山市北区岡山市北区花尻みどり町"	NULL	0	1	4	NULL	NULL	NULL	"https://cam.river.go.jp/cam/normal/108449034.jpg"
108449035	"足守川／岡山市北区撫川（撫川橋）"	NULL	8449	"岡山県"	"おかやまけん"	NULL	87	"中国地方整備局"	1	"8449035"	133.842031000	34.642015000	87308000	"笹ヶ瀬川"	NULL	87308002	"足守川"	3301201	"岡山市"	"岡山県岡山市北区撫川"	NULL	0	1	4	NULL	NULL	NULL	"https://cam.river.go.jp/cam/normal/108449035.jpg"
108449036	"足守川／岡山市北区門前（生石橋）"	NULL	8449	"岡山県"	"おかやまけん"	NULL	87	"中国地方整備局"	1	"8449036"	133.807768000	34.693287000	87308000	"笹ヶ瀬川"	NULL	87308002	"足守川"	3301201	"岡山市"	"岡山県岡山市北区門前"	NULL	0	1	4	NULL	NULL	NULL	"https://cam.river.go.jp/cam/normal/108449036.jpg"
108449037	"鴨川／玉野市広岡（広岡桜橋）"	NULL	8449	"岡山県"	"おかやまけん"	NULL	87	"中国地方整備局"	1	"8449037"	133.887068000	34.498597000	87603000	"鴨川"	NULL	87603504	"鴨川"	3301204	"玉野市"	"岡山県玉野市長尾"	NULL	0	1	4	NULL	NULL	NULL	"https://cam.river.go.jp/cam/normal/108449037.jpg"
108449038	"倉敷川／倉敷市藤戸町藤戸（藤戸大橋）"	NULL	8449	"岡山県"	"おかやまけん"	NULL	87	"中国地方整備局"	1	"8449038"	133.808163000	34.560998000	87600000	"倉敷川"	NULL	87600503	"倉敷川"	3301202	"倉敷市"	"岡山県倉敷市藤戸町藤戸"	NULL	0	1	4	NULL	NULL	NULL	"https://cam.river.go.jp/cam/normal/108449038.jpg"
108449039	"六間川／倉敷市茶屋町（鶴城橋）"	NULL	8449	"岡山県"	"おかやまけん"	NULL	87	"中国地方整備局"	1	"8449039"	133.819481000	34.569937000	87600000	"倉敷川"	NULL	87600504	"六間川"	3301202	"倉敷市"	"岡山県倉敷市茶屋町"	NULL	0	1	4	NULL	NULL	NULL	"https://cam.river.go.jp/cam/normal/108449039.jpg"
108449040	"里見川／浅口市金光町占見新田（新御影橋）"	NULL	8449	"岡山県"	"おかやまけん"	NULL	87	"中国地方整備局"	1	"8449040"	133.626907000	34.541539000	87602000	"里見川"	NULL	87602507	"里見川"	3301216	"浅口市"	"岡山県浅口市金光町"	NULL	0	1	4	NULL	NULL	NULL	"https://cam.river.go.jp/cam/normal/108449040.jpg"
108449041	"里見川／倉敷市玉島中央町（大正橋）"	NULL	8449	"岡山県"	"おかやまけん"	NULL	87	"中国地方整備局"	1	"8449041"	133.667335000	34.545005000	87602000	"里見川"	NULL	87602507	"里見川"	3301202	"倉敷市"	"岡山県倉敷市玉島中央町"	NULL	0	1	4	NULL	NULL	NULL	"https://cam.river.go.jp/cam/normal/108449041.jpg"
108449042	"溜川／倉敷市玉島一丁目（新橋）"	NULL	8449	"岡山県"	"おかやまけん"	NULL	87	"中国地方整備局"	1	"8449042"	133.673729000	34.545107000	87605000	"溜川"	NULL	87605001	"溜川"	3301202	"倉敷市"	"岡山県倉敷市玉島一丁目"	NULL	0	1	4	NULL	NULL	NULL	"https://cam.river.go.jp/cam/normal/108449042.jpg"
108449043	"小田川／倉敷市児島味野上（中井戸橋）"	NULL	8449	"岡山県"	"おかやまけん"	NULL	87	"中国地方整備局"	1	"8449043"	133.801167000	34.476167000	87191000	"小田川"	NULL	87191001	"小田川"	3301202	"倉敷市"	"岡山県倉敷市児島味野上"	NULL	0	1	4	NULL	NULL	NULL	"https://cam.river.go.jp/cam/normal/108449043.jpg"
108449044	"下村川／倉敷市児島下の町（日本橋）"	NULL	8449	"岡山県"	"おかやまけん"	NULL	87	"中国地方整備局"	1	"8449044"	133.821900000	34.480335000	87190000	"下村川"	NULL	87190001	"下村川"	3301202	"倉敷市"	"岡山県倉敷市児島下の町"	NULL	0	1	4	NULL	NULL	NULL	"https://cam.river.go.jp/cam/normal/108449044.jpg"
108449045	"加茂川／津山市加茂町中原（東西橋）"	NULL	8449	"岡山県"	"おかやまけん"	NULL	87	"中国地方整備局"	1	"8449045"	134.055390000	35.171770000	87077000	"吉井川"	NULL	87077029	"加茂川"	3301203	"津山市"	"岡山県津山市加茂町中原"	NULL	0	1	4	NULL	NULL	NULL	"https://cam.river.go.jp/cam/normal/108449045.jpg"
108449046	"久米川／津山市南方中（若草橋）"	NULL	8449	"岡山県"	"おかやまけん"	NULL	87	"中国地方整備局"	1	"8449046"	133.900417000	35.058750000	87077000	"吉井川"	NULL	87077036	"久米川"	3301203	"津山市"	"岡山県津山市南方中"	NULL	0	1	4	NULL	NULL	NULL	"https://cam.river.go.jp/cam/normal/108449046.jpg"
108449047	"今立川／里庄町浜中（浜中橋）"	NULL	8449	"岡山県"	"おかやまけん"	NULL	87	"中国地方整備局"	1	"8449047"	133.531167000	34.498300000	87604000	"今立川"	NULL	87604778	"今立川"	3301445	"浅口郡里庄町"	"岡山県浅口郡里庄町浜中"	NULL	0	1	4	NULL	NULL	NULL	"https://cam.river.go.jp/cam/normal/108449047.jpg"
108449048	"新本川／総社市久代（新大黒橋）"	NULL	8449	"岡山県"	"おかやまけん"	NULL	87	"中国地方整備局"	1	"8449048"	133.675333000	34.672667000	87079000	"高梁川"	NULL	87079013	"新本川"	3301208	"総社市"	"岡山県総社市久代"	NULL	0	1	4	NULL	NULL	NULL	"https://cam.river.go.jp/cam/normal/108449048.jpg"
108449049	"小坂部川／新見市大佐小阪部（新矢矧橋）"	NULL	8449	"岡山県"	"おかやまけん"	NULL	87	"中国地方整備局"	1	"8449049"	133.568143000	35.084833000	87079000	"高梁川"	NULL	87079028	"小坂部川"	3301210	"新見市"	"岡山県新見市大佐小阪部"	NULL	0	1	4	NULL	NULL	NULL	"https://cam.river.go.jp/cam/normal/108449049.jpg"
108449050	"金剛川／備前市吉永町吉永中（寺橋）"	NULL	8449	"岡山県"	"おかやまけん"	NULL	87	"中国地方整備局"	1	"8449050"	134.208087000	34.810285000	87077000	"吉井川"	NULL	87077016	"金剛川"	3301211	"備前市"	"岡山県備前市吉永町吉永中"	NULL	0	1	4	NULL	NULL	NULL	"https://cam.river.go.jp/cam/normal/108449050.jpg"
108449051	"金剛川／備前市三石（守石橋）"	NULL	8449	"岡山県"	"おかやまけん"	NULL	87	"中国地方整備局"	1	"8449051"	134.273500000	34.799028000	87077000	"吉井川"	NULL	87077016	"金剛川"	3301211	"備前市"	"岡山県備前市三石"	NULL	0	1	4	NULL	NULL	NULL	"https://cam.river.go.jp/cam/normal/108449051.jpg"
108449052	"旭川／真庭市草加部（大上橋）"	NULL	8449	"岡山県"	"おかやまけん"	NULL	87	"中国地方整備局"	1	"8449052"	133.707810000	35.081722000	87078000	"旭川"	NULL	87078001	"旭川"	3301214	"真庭市"	"岡山県真庭市草加部"	NULL	0	1	4	NULL	NULL	NULL	"https://cam.river.go.jp/cam/normal/108449052.jpg"
108449053	"旭川／真庭市久見（加佐見橋）"	NULL	8449	"岡山県"	"おかやまけん"	NULL	87	"中国地方整備局"	1	"8449053"	133.729806000	35.174778000	87078000	"旭川"	NULL	87078001	"旭川"	3301214	"真庭市"	"岡山県真庭市久見"	NULL	0	1	4	NULL	NULL	NULL	"https://cam.river.go.jp/cam/normal/108449053.jpg"
108449054	"旭川／真庭市蒜山上長田（龍頭橋）"	NULL	8449	"岡山県"	"おかやまけん"	NULL	87	"中国地方整備局"	1	"8449054"	133.702611000	35.287500000	87078000	"旭川"	NULL	87078001	"旭川"	3301214	"真庭市"	"岡山県真庭市蒜山上長田"	NULL	0	1	4	NULL	NULL	NULL	"https://cam.river.go.jp/cam/normal/108449054.jpg"
108449055	"備中川／真庭市上水田（上水田橋）"	NULL	8449	"岡山県"	"おかやまけん"	NULL	87	"中国地方整備局"	1	"8449055"	133.645694000	34.966222000	87078000	"旭川"	NULL	87078033	"備中川"	3301214	"真庭市"	"岡山県真庭市上水田"	NULL	0	1	4	NULL	NULL	NULL	"https://cam.river.go.jp/cam/normal/108449055.jpg"
108449056	"吉野川／美作市川北（大還橋）"	NULL	8449	"岡山県"	"おかやまけん"	NULL	87	"中国地方整備局"	1	"8449056"	134.222611000	35.014611000	87077000	"吉井川"	NULL	87077023	"吉野川"	3301215	"美作市"	"岡山県美作市川北"	NULL	0	1	4	NULL	NULL	NULL	"https://cam.river.go.jp/cam/normal/108449056.jpg"
108449057	"吉野川／美作市中町（新千歳橋）"	NULL	8449	"岡山県"	"おかやまけん"	NULL	87	"中国地方整備局"	1	"8449057"	134.326556000	35.109140000	87077000	"吉井川"	NULL	87077023	"吉野川"	3301215	"美作市"	"岡山県美作市中町"	NULL	0	1	4	NULL	NULL	NULL	"https://cam.river.go.jp/cam/normal/108449057.jpg"
108449058	"汐入川／早島町前潟"	NULL	8449	"岡山県"	"おかやまけん"	NULL	87	"中国地方整備局"	1	"8449058"	133.824389000	34.596417000	87600000	"倉敷川"	NULL	87600008	"汐入川"	3301423	"都窪郡早島町"	"岡山県都窪郡早島町前潟"	NULL	0	1	4	NULL	NULL	NULL	"https://cam.river.go.jp/cam/normal/108449058.jpg"
108449059	"新庄川／里庄町新庄（2005号橋）"	NULL	8449	"岡山県"	"おかやまけん"	NULL	87	"中国地方整備局"	1	"8449059"	133.543889000	34.506083000	87604000	"今立川"	NULL	87604003	"新庄川"	3301445	"浅口郡里庄町"	"岡山県浅口郡里庄町新庄"	NULL	0	1	4	NULL	NULL	NULL	"https://cam.river.go.jp/cam/normal/108449059.jpg"
108449060	"新庄川／新庄村（宝田橋）"	NULL	8449	"岡山県"	"おかやまけん"	NULL	87	"中国地方整備局"	1	"8449060"	133.571275000	35.174963000	87078000	"旭川"	NULL	87078037	"新庄川"	3301586	"真庭郡新庄村"	"岡山県真庭郡新庄村"	NULL	0	1	4	NULL	NULL	NULL	"https://cam.river.go.jp/cam/normal/108449060.jpg"
108449061	"香々美川／鏡野町竹田（竹田大橋）"	NULL	8449	"岡山県"	"おかやまけん"	NULL	87	"中国地方整備局"	1	"8449061"	133.933806000	35.093550000	87077000	"吉井川"	NULL	87077037	"香々美川"	3301606	"苫田郡鏡野町"	"岡山県苫田郡鏡野町竹田"	NULL	0	1	4	NULL	NULL	NULL	"https://cam.river.go.jp/cam/normal/108449061.jpg"
108449062	"滝川／勝央町平（太平橋）"	NULL	8449	"岡山県"	"おかやまけん"	NULL	87	"中国地方整備局"	1	"8449062"	134.116083000	35.045278000	87077000	"吉井川"	NULL	87077141	"滝川"	3301622	"勝田郡勝央町"	"岡山県勝田郡勝央町平"	NULL	0	1	4	NULL	NULL	NULL	"https://cam.river.go.jp/cam/normal/108449062.jpg"
108449063	"名義川／奈義町広岡（八幡殿橋）"	NULL	8449	"岡山県"	"おかやまけん"	NULL	87	"中国地方整備局"	1	"8449063"	134.170444000	35.119556000	87077000	"吉井川"	NULL	87077145	"名義川"	3301623	"勝田郡奈義町"	"岡山県勝田郡奈義町広岡"	NULL	0	1	4	NULL	NULL	NULL	"https://cam.river.go.jp/cam/normal/108449063.jpg"
108449064	"吉野川／西粟倉村長尾（高田橋）"	NULL	8449	"岡山県"	"おかやまけん"	NULL	87	"中国地方整備局"	1	"8449064"	134.335556000	35.169194000	87077000	"吉井川"	NULL	87077023	"吉野川"	3301643	"英田郡西粟倉村"	"岡山県英田郡西粟倉村長尾"	NULL	0	1	4	NULL	NULL	NULL	"https://cam.river.go.jp/cam/normal/108449064.jpg"
108449065	"誕生寺川／久米南町下弓削（西入橋）"	NULL	8449	"岡山県"	"おかやまけん"	NULL	87	"中国地方整備局"	1	"8449065"	133.957778000	34.927111000	87078000	"旭川"	NULL	87078023	"誕生寺川"	3301663	"久米郡久米南町"	"岡山県久米郡久米南町下弓削"	NULL	0	1	4	NULL	NULL	NULL	"https://cam.river.go.jp/cam/normal/108449065.jpg"
108449066	"通谷川／美咲町西川（利当橋）"	NULL	8449	"岡山県"	"おかやまけん"	NULL	87	"中国地方整備局"	1	"8449066"	133.834056000	34.974000000	87078000	"旭川"	NULL	87078028	"通谷川"	3301666	"久米郡美咲町"	"岡山県久米郡美咲町西川"	NULL	0	1	4	NULL	NULL	NULL	"https://cam.river.go.jp/cam/normal/108449066.jpg"
108449067	"宇甘川／吉備中央町下加茂（加茂新橋）"	NULL	8449	"岡山県"	"おかやまけん"	NULL	87	"中国地方整備局"	1	"8449067"	133.808778000	34.860944000	87078000	"旭川"	NULL	87078017	"宇甘川"	3301681	"加賀郡吉備中央町"	"岡山県加賀郡吉備中央町下加茂"	NULL	0	1	4	NULL	NULL	NULL	"https://cam.river.go.jp/cam/normal/108449067.jpg"
122313074	"高梁川　7K800右岸"	NULL	22313	"岡山河川事務所"	"おかやまかせんじむしょ"	NULL	87	"中国地方整備局"	1	"22313074"	133.722080000	34.597544000	87079000	"高梁川"	NULL	87079001	"高梁川"	3301202	"倉敷市"	"岡山県倉敷市船穂町水江"	NULL	0	2	4	NULL	NULL	NULL	NULL
122313075	"高梁川　13K800右岸"	NULL	22313	"岡山河川事務所"	"おかやまかせんじむしょ"	NULL	87	"中国地方整備局"	1	"22313075"	133.722520000	34.631203000	87079000	"高梁川"	NULL	87079001	"高梁川"	3301202	"倉敷市"	"岡山県倉敷市真備町川辺"	NULL	0	2	4	NULL	NULL	NULL	NULL
122313076	"高梁川　16K400右岸"	NULL	22313	"岡山河川事務所"	"おかやまかせんじむしょ"	NULL	87	"中国地方整備局"	1	"22313076"	133.724973000	34.653345000	87079000	"高梁川"	NULL	87079001	"高梁川"	3301208	"総社市"	"岡山県総社市下原"	NULL	0	2	4	NULL	NULL	NULL	NULL
122313077	"高梁川　22K600左岸"	NULL	22313	"岡山河川事務所"	"おかやまかせんじむしょ"	NULL	87	"中国地方整備局"	1	"22313077"	133.719345000	34.703578000	87079000	"高梁川"	NULL	87079001	"高梁川"	3301208	"総社市"	"岡山県総社市宍粟"	NULL	0	2	4	NULL	NULL	NULL	NULL
122313078	"小田川　0K600右岸"	NULL	22313	"岡山河川事務所"	"おかやまかせんじむしょ"	NULL	87	"中国地方整備局"	1	"22313078"	133.715447200	34.628534600	87079000	"高梁川"	NULL	87079012	"小田川"	3301202	"倉敷市"	"岡山県倉敷市真備町川辺"	NULL	0	2	4	NULL	NULL	NULL	NULL
122313079	"小田川　3K400左岸"	NULL	22313	"岡山河川事務所"	"おかやまかせんじむしょ"	NULL	87	"中国地方整備局"	1	"22313079"	133.689709000	34.621868000	87079000	"高梁川"	NULL	87079012	"小田川"	3301202	"倉敷市"	"岡山県倉敷市真備町箭田"	NULL	0	2	4	NULL	NULL	NULL	NULL
122313080	"小田川　4K200右岸"	NULL	22313	"岡山河川事務所"	"おかやまかせんじむしょ"	NULL	87	"中国地方整備局"	1	"22313080"	133.681225000	34.619443000	87079000	"高梁川"	NULL	87079012	"小田川"	3301202	"倉敷市"	"岡山県倉敷市真備町服部"	NULL	0	2	4	NULL	NULL	NULL	NULL
122313081	"小田川　6K400左岸"	NULL	22313	"岡山河川事務所"	"おかやまかせんじむしょ"	NULL	87	"中国地方整備局"	1	"22313081"	133.657451000	34.620895000	87079000	"高梁川"	NULL	87079012	"小田川"	3301202	"倉敷市"	"岡山県倉敷市真備町妹"	NULL	0	2	4	NULL	NULL	NULL	NULL
122313082	"小田川　6K800右岸"	NULL	22313	"岡山河川事務所"	"おかやまかせんじむしょ"	NULL	87	"中国地方整備局"	1	"22313082"	133.653554000	34.619290000	87079000	"高梁川"	NULL	87079012	"小田川"	3301202	"倉敷市"	"岡山県倉敷市真備町妹"	NULL	0	2	4	NULL	NULL	NULL	NULL
122313083	"小田川　7K000左岸"	NULL	22313	"岡山河川事務所"	"おかやまかせんじむしょ"	NULL	87	"中国地方整備局"	1	"22313083"	133.652471000	34.621004000	87079000	"高梁川"	NULL	87079012	"小田川"	3301202	"倉敷市"	"岡山県倉敷市真備町妹"	NULL	0	2	4	NULL	NULL	NULL	NULL
122313084	"旭川　3K600左岸"	NULL	22313	"岡山河川事務所"	"おかやまかせんじむしょ"	NULL	87	"中国地方整備局"	1	"22313084"	133.949728000	34.628829000	87078000	"旭川"	NULL	87078001	"旭川"	3301201	"岡山市"	"岡山県岡山市中区平井"	NULL	0	2	4	NULL	NULL	NULL	NULL
122313085	"旭川　15K000左岸"	NULL	22313	"岡山河川事務所"	"おかやまかせんじむしょ"	NULL	87	"中国地方整備局"	1	"22313085"	133.958851000	34.711844000	87078000	"旭川"	NULL	87078001	"旭川"	3301201	"岡山市"	"岡山県岡山市北区中原"	NULL	0	2	4	NULL	NULL	NULL	NULL
122313086	"百間川　12K400左岸"	NULL	22313	"岡山河川事務所"	"おかやまかせんじむしょ"	NULL	87	"中国地方整備局"	1	"22313086"	133.943238000	34.681286000	87078000	"旭川"	NULL	87078002	"百間川"	3301201	"岡山市"	"岡山県岡山市中区西川原"	NULL	0	2	4	NULL	NULL	NULL	NULL
122313137	"吉井川　20K200左岸"	NULL	22313	"岡山河川事務所"	"おかやまかせんじむしょ"	NULL	87	"中国地方整備局"	1	"22313137"	134.090983000	34.751714000	87077000	"吉井川"	NULL	87077001	"吉井川"	3301201	"岡山市"	"岡山県岡山市東区瀬戸町弓削"	NULL	0	2	4	NULL	NULL	NULL	NULL
122313138	"吉井川　21K800左岸"	NULL	22313	"岡山河川事務所"	"おかやまかせんじむしょ"	NULL	87	"中国地方整備局"	1	"22313138"	134.093490000	34.764880000	87077000	"吉井川"	NULL	87077001	"吉井川"	3301213	"赤磐市"	"岡山県赤磐市勢力"	NULL	0	2	4	NULL	NULL	NULL	NULL
122313139	"吉井川　23K600右岸"	NULL	22313	"岡山河川事務所"	"おかやまかせんじむしょ"	NULL	87	"中国地方整備局"	1	"22313139"	134.101217000	34.778521000	87077000	"吉井川"	NULL	87077001	"吉井川"	3301213	"赤磐市"	"岡山県赤磐市釣井"	NULL	0	2	4	NULL	NULL	NULL	NULL
122313140	"吉井川　26K800左岸"	NULL	22313	"岡山河川事務所"	"おかやまかせんじむしょ"	NULL	87	"中国地方整備局"	1	"22313140"	134.126148000	34.791863000	87077000	"吉井川"	NULL	87077001	"吉井川"	3301213	"赤磐市"	"岡山県赤磐市奥吉原"	NULL	0	2	4	NULL	NULL	NULL	NULL
122313141	"吉井川　28K300左岸"	NULL	22313	"岡山河川事務所"	"おかやまかせんじむしょ"	NULL	87	"中国地方整備局"	1	"22313141"	134.142506000	34.795120000	87077000	"吉井川"	NULL	87077001	"吉井川"	3301346	"和気郡和気町"	"岡山県和気郡和気町和気"	NULL	0	2	4	NULL	NULL	NULL	NULL
122313142	"旭川　9K500左岸"	NULL	22313	"岡山河川事務所"	"おかやまかせんじむしょ"	NULL	87	"中国地方整備局"	1	"22313142"	133.934084000	34.671061000	87078000	"旭川"	NULL	87078001	"旭川"	3301201	"岡山市"	"岡山県岡山市北区出石町"	NULL	0	2	4	NULL	NULL	NULL	NULL
122313143	"旭川　10K600左岸"	NULL	22313	"岡山河川事務所"	"おかやまかせんじむしょ"	NULL	87	"中国地方整備局"	1	"22313143"	133.934879000	34.680246000	87078000	"旭川"	NULL	87078001	"旭川"	3301201	"岡山市"	"岡山県岡山市中区西川原"	NULL	0	2	4	NULL	NULL	NULL	NULL
122313144	"旭川　16K600左岸"	NULL	22313	"岡山河川事務所"	"おかやまかせんじむしょ"	NULL	87	"中国地方整備局"	1	"22313144"	133.974831000	34.721999000	87078000	"旭川"	NULL	87078001	"旭川"	3301201	"岡山市"	"岡山県岡山市北区玉柏"	NULL	0	2	4	NULL	NULL	NULL	NULL
122313145	"百間川　5K600右岸"	NULL	22313	"岡山河川事務所"	"おかやまかせんじむしょ"	NULL	87	"中国地方整備局"	1	"22313145"	133.989974000	34.659993000	87078000	"旭川"	NULL	87078002	"百間川"	3301201	"岡山市"	"岡山県岡山市中区海吉"	NULL	0	2	4	NULL	NULL	NULL	NULL
122313146	"百間川　7K000左岸"	NULL	22313	"岡山河川事務所"	"おかやまかせんじむしょ"	NULL	87	"中国地方整備局"	1	"22313146"	133.995791000	34.671962000	87078000	"旭川"	NULL	87078002	"百間川"	3301201	"岡山市"	"岡山県岡山市中区長利"	NULL	0	2	4	NULL	NULL	NULL	NULL
122313261	"吉井川6k200左岸　川口排水機場吐出樋門"	NULL	22313	"岡山河川事務所"	"おかやまかせんじむしょ"	NULL	87	"中国地方整備局"	1	"22313261"	134.049400000	34.653550000	87077000	"吉井川"	NULL	87077001	"吉井川"	3301201	"岡山市"	"岡山県岡山市東区"	NULL	0	1	4	NULL	NULL	NULL	NULL
122313262	"吉井川17k200右岸　坂根堰下水位観測所"	NULL	22313	"岡山河川事務所"	"おかやまかせんじむしょ"	NULL	87	"中国地方整備局"	1	"22313262"	134.103160000	34.734950000	87077000	"吉井川"	NULL	87077001	"吉井川"	3301201	"岡山市"	"岡山県岡山市東区"	NULL	0	1	4	NULL	NULL	NULL	NULL
13301209001	"高梁川　38k600右岸・玉川橋"	NULL	3301209	"高梁市"	"たかはしし"	NULL	87	"中国地方整備局"	1	"3301209001"	133.604724000	34.756543000	87079000	"高梁川"	NULL	87079001	"高梁川"	3301209	"高梁市"	"岡山県高梁市玉川町玉"	NULL	0	1	4	NULL	NULL	NULL	NULL
13301209002	"高梁川　39k900右岸・河内谷"	NULL	3301209	"高梁市"	"たかはしし"	NULL	87	"中国地方整備局"	1	"3301209002"	133.603501000	34.766128000	87079000	"高梁川"	NULL	87079001	"高梁川"	3301209	"高梁市"	"岡山県高梁市玉川町玉"	NULL	0	1	4	NULL	NULL	NULL	NULL
13301209003	"高梁川　43k500右岸・高梁大橋"	NULL	3301209	"高梁市"	"たかはしし"	NULL	87	"中国地方整備局"	1	"3301209003"	133.610892000	34.790950000	87079000	"高梁川"	NULL	87079001	"高梁川"	3301209	"高梁市"	"岡山県高梁市落合町近似"	NULL	0	1	4	NULL	NULL	NULL	NULL
13301209004	"高梁川　51k600左岸・川面簡易水道"	NULL	3301209	"高梁市"	"たかはしし"	NULL	87	"中国地方整備局"	1	"3301209004"	133.595800000	34.847092000	87079000	"高梁川"	NULL	87079001	"高梁川"	3301209	"高梁市"	"岡山県高梁市川面町"	NULL	0	1	4	NULL	NULL	NULL	NULL
13301209005	"成羽川　0k200右岸・神崎橋"	NULL	3301209	"高梁市"	"たかはしし"	NULL	87	"中国地方整備局"	1	"3301209005"	133.594360000	34.775123000	87079000	"高梁川"	NULL	87079021	"成羽川"	3301209	"高梁市"	"岡山県高梁市玉川町玉"	NULL	0	1	4	NULL	NULL	NULL	NULL
13301209006	"成羽川　1k900右岸・小瀬橋"	NULL	3301209	"高梁市"	"たかはしし"	NULL	87	"中国地方整備局"	1	"3301209006"	133.576804000	34.778940000	87079000	"高梁川"	NULL	87079021	"成羽川"	3301209	"高梁市"	"岡山県高梁市落合町阿部"	NULL	0	1	4	NULL	NULL	NULL	NULL
13301209007	"成羽川　6k500左岸・総門橋"	NULL	3301209	"高梁市"	"たかはしし"	NULL	87	"中国地方整備局"	1	"3301209007"	133.535262000	34.782960000	87079000	"高梁川"	NULL	87079021	"成羽川"	3301209	"高梁市"	"岡山県高梁市成羽町成羽"	NULL	0	1	4	NULL	NULL	NULL	NULL
13301209008	"成羽川　15k700右岸・長屋橋"	NULL	3301209	"高梁市"	"たかはしし"	NULL	87	"中国地方整備局"	1	"3301209008"	133.461625000	34.787104000	87079000	"高梁川"	NULL	87079021	"成羽川"	3301209	"高梁市"	"岡山県高梁市備中町長屋"	NULL	0	1	4	NULL	NULL	NULL	NULL
13301209009	"高梁川　47k400右岸・新幡見橋"	NULL	3301209	"高梁市"	"たかはしし"	NULL	87	"中国地方整備局"	1	"3301209009"	133.616100000	34.821880000	87079000	"高梁川"	NULL	87079001	"高梁川"	3301209	"高梁市"	"岡山県高梁市高倉町大瀬八長"	NULL	0	1	4	NULL	NULL	NULL	NULL
13301209010	"成羽川　11k000左岸・手川橋"	NULL	3301209	"高梁市"	"たかはしし"	NULL	87	"中国地方整備局"	1	"3301209010"	133.501370000	34.771970000	87079000	"高梁川"	NULL	87079021	"成羽川"	3301209	"高梁市"	"岡山県川上町吉木"	NULL	0	1	4	NULL	NULL	NULL	NULL
13301209011	"成羽川　左岸・沈下橋"	NULL	3301209	"高梁市"	"たかはしし"	NULL	87	"中国地方整備局"	1	"3301209011"	133.429620000	34.797910000	87079000	"高梁川"	NULL	87079021	"成羽川"	3301209	"高梁市"	"岡山県高梁市成羽町布寄"	NULL	0	1	4	NULL	NULL	NULL	NULL
13301209012	"成羽川　左岸・田原橋"	NULL	3301209	"高梁市"	"たかはしし"	NULL	87	"中国地方整備局"	1	"3301209012"	133.431330000	34.812320000	87079000	"高梁川"	NULL	87079021	"成羽川"	3301209	"高梁市"	"岡山県高梁市備中町東油野"	NULL	0	1	4	NULL	NULL	NULL	NULL
13301210001	"高梁川／新見駅前（昭和橋）"	NULL	3301210	"新見市"	"にいみし"	NULL	87	"中国地方整備局"	1	"3301210001"	133.457307500	34.988518600	87079000	"高梁川"	NULL	87079001	"高梁川"	3301210	"新見市"	"岡山県新見市高尾"	NULL	0	1	4	NULL	NULL	NULL	"https://cam.river.go.jp/cam/normal/13301210001.jpg"
13301210002	"高梁川・熊谷川合流付近（小川橋）"	NULL	3301210	"新見市"	"にいみし"	NULL	87	"中国地方整備局"	1	"3301210002"	133.465303700	34.988022400	87079000	"高梁川"	NULL	87079031	"熊谷川"	3301210	"新見市"	"岡山県新見市高尾"	NULL	0	1	4	NULL	NULL	NULL	"https://cam.river.go.jp/cam/normal/13301210002.jpg"
13301210003	"高梁川・熊谷川合流付近（江道橋）"	NULL	3301210	"新見市"	"にいみし"	NULL	87	"中国地方整備局"	1	"3301210003"	133.464520100	34.985147200	87079000	"高梁川"	NULL	87079001	"高梁川"	3301210	"新見市"	"岡山県新見市金谷"	NULL	0	1	4	NULL	NULL	NULL	"https://cam.river.go.jp/cam/normal/13301210003.jpg"
13301210004	"高梁川／新見市役所付近（金谷橋）"	NULL	3301210	"新見市"	"にいみし"	NULL	87	"中国地方整備局"	1	"3301210004"	133.469930500	34.977025000	87079000	"高梁川"	NULL	87079001	"高梁川"	3301210	"新見市"	"岡山県新見市新見"	NULL	0	1	4	NULL	NULL	NULL	"https://cam.river.go.jp/cam/normal/13301210004.jpg"
13301210005	"高梁川・本郷川合流付近（正田橋）"	NULL	3301210	"新見市"	"にいみし"	NULL	87	"中国地方整備局"	1	"3301210005"	133.465995800	34.962113200	87079000	"高梁川"	NULL	87079001	"高梁川"	3301210	"新見市"	"岡山県新見市石蟹"	NULL	0	1	4	NULL	NULL	NULL	"https://cam.river.go.jp/cam/normal/13301210005.jpg"
13301210006	"高梁川／新見南中学校付近（上広瀬橋）"	NULL	3301210	"新見市"	"にいみし"	NULL	87	"中国地方整備局"	1	"3301210006"	133.480866400	34.955046400	87079000	"高梁川"	NULL	87079001	"高梁川"	3301210	"新見市"	"岡山県新見市石蟹"	NULL	0	1	4	NULL	NULL	NULL	"https://cam.river.go.jp/cam/normal/13301210006.jpg"
13301210007	"高梁川／下長屋遊歩道橋付近"	NULL	3301210	"新見市"	"にいみし"	NULL	87	"中国地方整備局"	1	"3301210007"	133.491488500	34.939125260	87079000	"高梁川"	NULL	87079001	"高梁川"	3301210	"新見市"	"岡山県新見市長屋"	NULL	0	1	4	NULL	NULL	NULL	"https://cam.river.go.jp/cam/normal/13301210007.jpg"
13301210008	"神代川／神郷支局付近（安実橋）"	NULL	3301210	"新見市"	"にいみし"	NULL	87	"中国地方整備局"	1	"3301210008"	133.397645000	34.992808800	87079000	"高梁川"	NULL	87079206	"神代川"	3301210	"新見市"	"岡山県新見市神郷下神代"	NULL	0	1	4	NULL	NULL	NULL	"https://cam.river.go.jp/cam/normal/13301210008.jpg"
